Погода	Рекомендация
Сегодня холодно	Куртка
Температура сегодня низкая	Куртка
Сегодня тепло	Футболка
Сегодня жарко	Шорты
Сегодня прохладно	Свитер
Сегодня морозно	Теплое пальто
Сегодня холодно и дождливо	Плащ
Сегодня тепло и солнечно	Футболка и шорты
Сегодня прохладно и ветрено	Ветровка
Сегодня морозно и снегопад	Теплое пальто и теплые ботинки
Сегодня жарко и облачно	Футболка и легкий свитер
Сегодня идет дождь с грозой	Плащ и зонт
Сегодня ветрено и холодно	Ветровка и свитер
Сегодня солнечно и жарко	Шорты и солнцезащитные очки
Сегодня холодно и ветрено	Куртка и ветровка
Сегодня тепло и облачно	Футболка и легкий свитер
Сегодня прохладно и дождливо	Дождевик и свитер
Сегодня морозно и солнечно	Теплое пальто и солнцезащитные очки
Сегодня жарко и влажно	Футболка и шорты
Сегодня идет ливень	Дождевик и резиновые сапоги
Сегодня ветрено и прохладно	Ветровка и свитер
Сегодня солнечно и жарко	Футболка и шорты
Сегодня облачно и тепло	Легкий свитер и джинсы
Сегодня снег и метель	Теплое пальто и утепленные ботинки
Сегодня град	Утепленные куртка и штаны
Сегодня мороз и солнце	Теплое пальто и шапка
Сегодня туман	Куртка и длинные брюки
Сегодня сильный ветер	Ветровка и шарф
Сегодня холодно и сыро	Куртка и дождевик
Сегодня тепло и влажно	Футболка и шорты
Сегодня морозно и ветрено	Теплое пальто и ветровка
Сегодня жарко и солнечно	Шорты и солнцезащитные очки
Сегодня сильный снегопад	Теплое пальто и утепленные ботинки
Сегодня гроза с дождем	Плащ и зонт
Сегодня облачно и прохладно	Легкий свитер и джинсы
Сегодня метель	Теплое пальто и утепленные ботинки
Сегодня холодно и солнечно	Куртка и солнцезащитные очки
Сегодня тепло и ясно	Футболка и солнцезащитные очки
Сегодня морозно и облачно	Теплое пальто и легкий свитер
Сегодня холодно и сухо	Куртка и шарф
Сегодня тепло и ветрено	Футболка и ветровка
Сегодня прохладно и ясно	Свитер и солнцезащитные очки
Сегодня морозно и туманно	Теплое пальто и шапка
Сегодня жарко и дождливо	Шорты и дождевик
Сегодня идет морось	Плащ и резиновые сапоги
Сегодня ветрено и холодно	Ветровка и шарф
Сегодня солнечно и прохладно	Легкий свитер и шляпа
Сегодня облачно и тепло	Джинсы и легкий свитер
Сегодня снег и ветер	Утепленные ботинки и ветровка
Сегодня град и гроза	Утепленные куртка и зонт
Сегодня мороз и ледяной дождь	Теплое пальто и перчатки
Сегодня туман и сырость	Куртка и длинные брюки
Сегодня сильный ветер и холод	Ветровка и шарф
Сегодня холодно и дождь со снегом	Куртка и утепленные ботинки
Сегодня тепло и сыро	Футболка и джинсы
Сегодня морозно и ясно	Теплое пальто и солнцезащитные очки
Сегодня жарко и сильный ветер	Шорты и ветровка
Сегодня идет ливень с грозой	Плащ и зонт
Сегодня ветрено и прохладно	Ветровка и свитер
Сегодня в городе холодно и ветрено	Куртка и ветровка
Погода сегодня теплая и облачная	Футболка и легкий свитер
Сегодня на улице прохладно и дождливо	Дождевик и свитер
На улице морозно и солнечно	Теплое пальто и солнцезащитные очки
Сегодня в городе жарко и влажно	Футболка и шорты
Сегодня ожидается ливень	Дождевик и резиновые сапоги
Погода сегодня ветреная и прохладная	Ветровка и свитер
Сегодня солнечно и жарко	Футболка и шорты
Сегодня облачно и тепло	Легкий свитер и джинсы
Сегодня прогнозируется снег и метель	Теплое пальто и утепленные ботинки
На улице ожидается град	Утепленные куртка и штаны
Сегодня мороз и солнце	Теплое пальто и шапка
На улице туман	Куртка и длинные брюки
Погода сегодня сильный ветер	Ветровка и шарф
Сегодня холодно и сыро	Куртка и дождевик
Сегодня тепло и влажно	Футболка и шорты
Сегодня морозно и ветрено	Теплое пальто и ветровка
Сегодня жарко и солнечно	Шорты и солнцезащитные очки
Сегодня сильный снегопад	Теплое пальто и утепленные ботинки
Сегодня ожидается гроза с дождем	Плащ и зонт
Сегодня облачно и прохладно	Легкий свитер и джинсы
Сегодня метель	Теплое пальто и утепленные ботинки
На улице холодно и солнечно	Куртка и солнцезащитные очки
Погода сегодня теплая и ясная	Футболка и солнцезащитные очки
Сегодня морозно и облачно	Теплое пальто и легкий свитер
Сегодня в городе холодно и ветрено	Куртка и ветровка
Погода сегодня теплая и облачная	Футболка и легкий свитер
Сегодня на улице прохладно и дождливо	Дождевик и свитер
На улице морозно и солнечно	Теплое пальто и солнцезащитные очки
Сегодня в городе жарко и влажно	Футболка и шорты
Сегодня ожидается ливень	Дождевик и резиновые сапоги
Погода сегодня ветреная и прохладная	Ветровка и свитер
Сегодня солнечно и жарко	Футболка и шорты
Сегодня облачно и тепло	Легкий свитер и джинсы
Сегодня прогнозируется снег и метель	Теплое пальто и утепленные ботинки
На улице ожидается град	Утепленные куртка и штаны
Сегодня мороз и солнце	Теплое пальто и шапка
На улице туман	Куртка и длинные брюки
Погода сегодня сильный ветер	Ветровка и шарф
Сегодня холодно и сыро	Куртка и дождевик
Сегодня тепло и влажно	Футболка и шорты
Сегодня морозно и ветрено	Теплое пальто и ветровка
Сегодня жарко и солнечно	Шорты и солнцезащитные очки
Сегодня сильный снегопад	Теплое пальто и утепленные ботинки
Сегодня ожидается гроза с дождем	Плащ и зонт
Сегодня облачно и прохладно	Легкий свитер и джинсы
Сегодня метель	Теплое пальто и утепленные ботинки
На улице холодно и солнечно	Куртка и солнцезащитные очки
Погода сегодня теплая и ясная	Футболка и солнцезащитные очки
Сегодня морозно и облачно	Теплое пальто и легкий свитер
Сегодня холодно и ветрено	Куртка и ветровка
Сегодня тепло и облачно	Футболка и легкий свитер
Сегодня на улице прохладно и дождливо	Дождевик и свитер
На улице морозно и солнечно	Теплое пальто и солнцезащитные очки
Сегодня в городе жарко и влажно	Футболка и шорты
Сегодня ожидается ливень	Дождевик и резиновые сапоги
Погода сегодня ветреная и прохладная	Ветровка и свитер
Сегодня солнечно и жарко	Футболка и шорты
Сегодня облачно и тепло	Легкий свитер и джинсы
Сегодня прогнозируется снег и метель	Теплое пальто и утепленные ботинки
На улице ожидается град	Утепленные куртка и штаны
Сегодня мороз и солнце	Теплое пальто и шапка
На улице туман	Куртка и длинные брюки
Погода сегодня сильный ветер	Ветровка и шарф
Сегодня холодно и сыро	Куртка и дождевик
Сегодня тепло и влажно	Футболка и шорты
Сегодня морозно и ветрено	Теплое пальто и ветровка
Сегодня жарко и солнечно	Шорты и солнцезащитные очки
Сегодня сильный снегопад	Теплое пальто и утепленные ботинки
Сегодня ожидается гроза с дождем	Плащ и зонт
Сегодня облачно и прохладно	Легкий свитер и джинсы
Сегодня метель	Теплое пальто и утепленные ботинки
На улице холодно и солнечно	Куртка и солнцезащитные очки
Погода сегодня теплая и ясная	Футболка и солнцезащитные очки
Сегодня морозно и облачно	Теплое пальто и легкий свитер
Сегодня холодно и ветрено	Куртка и ветровка
Сегодня тепло и облачно	Футболка и легкий свитер
Сегодня на улице прохладно и дождливо	Дождевик и свитер
На улице морозно и солнечно	Теплое пальто и солнцезащитные очки
Сегодня в городе жарко и влажно	Футболка и шорты
Сегодня ожидается ливень	Дождевик и резиновые сапоги
Погода сегодня ветреная и прохладная	Ветровка и свитер
Сегодня солнечно и жарко	Футболка и шорты
Сегодня облачно и тепло	Легкий свитер и джинсы
Сегодня прогнозируется снег и метель	Теплое пальто и утепленные ботинки
На улице ожидается град	Утепленные куртка и штаны
Сегодня мороз и солнце	Теплое пальто и шапка
На улице туман	Куртка и длинные брюки
Погода сегодня сильный ветер	Ветровка и шарф
Сегодня холодно и сыро	Куртка и дождевик
Сегодня тепло и влажно	Футболка и шорты
Сегодня морозно и ветрено	Теплое пальто и ветровка
Сегодня жарко и солнечно	Шорты и солнцезащитные очки
Сегодня сильный снегопад	Теплое пальто и утепленные ботинки
Сегодня ожидается гроза с дождем	Плащ и зонт
Сегодня облачно и прохладно	Легкий свитер и джинсы
Сегодня метель	Теплое пальто и утепленные ботинки
На улице холодно и солнечно	Куртка и солнцезащитные очки
Погода сегодня теплая и ясная	Футболка и солнцезащитные очки
Сегодня морозно и облачно	Теплое пальто и легкий свитер
Сегодня холодно и ветрено	Куртка и ветровка
Сегодня тепло и облачно	Футболка и легкий свитер
Сегодня на улице прохладно и дождливо	Дождевик и свитер
На улице морозно и солнечно	Теплое пальто и солнцезащитные очки
Сегодня в городе жарко и влажно	Футболка и шорты
Сегодня ожидается ливень	Дождевик и резиновые сапоги
Погода сегодня ветреная и прохладная	Ветровка и свитер
Сегодня солнечно и жарко	Футболка и шорты
Сегодня облачно и тепло	Легкий свитер и джинсы
Сегодня прогнозируется снег и метель	Теплое пальто и утепленные ботинки
На улице ожидается град	Утепленные куртка и штаны
Сегодня мороз и солнце	Теплое пальто и шапка
На улице туман	Куртка и длинные брюки
Погода сегодня сильный ветер	Ветровка и шарф
Сегодня холодно и сыро	Куртка и дождевик
Сегодня тепло и влажно	Футболка и шорты
Сегодня морозно и ветрено	Теплое пальто и ветровка
Сегодня жарко и солнечно	Шорты и солнцезащитные очки
Сегодня сильный снегопад	Теплое пальто и утепленные ботинки
Сегодня ожидается гроза с дождем	Плащ и зонт
Сегодня облачно и прохладно	Легкий свитер и джинсы
Сегодня метель	Теплое пальто и утепленные ботинки
На улице холодно и солнечно	Куртка и солнцезащитные очки
Погода сегодня теплая и ясная	Футболка и солнцезащитные очки
Сегодня морозно и облачно	Теплое пальто и легкий свитер
Сегодня холодно и ветрено	Куртка и ветровка
Сегодня тепло и облачно	Футболка и легкий свитер
Сегодня на улице прохладно и дождливо	Дождевик и свитер
На улице морозно и солнечно	Теплое пальто и солнцезащитные очки
Сегодня в городе жарко и влажно	Футболка и шорты
Сегодня ожидается ливень	Дождевик и резиновые сапоги
Погода сегодня ветреная и прохладная	Ветровка и свитер
Сегодня солнечно и жарко	Футболка и шорты
Сегодня облачно и тепло	Легкий свитер и джинсы
Сегодня прогнозируется снег и метель	Теплое пальто и утепленные ботинки